State, Date, Frequency, Estimated Unemployment Rate (%),  Estimated Employed , Estimated Labour Participation Rate (%),Area
Andhra Pradesh, 31-05-2019, Monthly,3.65," 11,999,139 ",43.24,Rural
Andhra Pradesh, 30-06-2019, Monthly,3.05," 11,755,881 ",42.05,Rural
Andhra Pradesh, 31-07-2019, Monthly,3.75," 12,086,707 ",43.5,Rural
Andhra Pradesh, 31-08-2019, Monthly,3.32," 12,285,693 ",43.97,Rural
Andhra Pradesh, 30-09-2019, Monthly,5.17," 12,256,762 ",44.68,Rural
Andhra Pradesh, 31-10-2019, Monthly,3.52," 12,017,412 ",43.01,Rural
Andhra Pradesh, 30-11-2019, Monthly,4.12," 11,397,681 ",41,Rural
Andhra Pradesh, 31-12-2019, Monthly,4.38," 12,528,395 ",45.14,Rural
Andhra Pradesh, 31-01-2020, Monthly,4.84," 12,016,676 ",43.46,Rural
Andhra Pradesh, 29-02-2020, Monthly,5.91," 11,723,617 ",42.83,Rural
Andhra Pradesh, 31-03-2020, Monthly,4.06," 11,359,660 ",40.66,Rural
Andhra Pradesh, 30-04-2020, Monthly,16.29," 8,792,827 ",36.03,Rural
Andhra Pradesh, 31-05-2020, Monthly,14.46," 9,526,902 ",38.16,Rural
Andhra Pradesh, 30-06-2020, Monthly,0.85," 15,572,975 ",53.76,Rural
Assam, 31-05-2019, Monthly,4.29," 11,749,334 ",57.39,Rural
Assam, 30-06-2019, Monthly,5.08," 8,923,222 ",43.87,Rural
Assam, 31-07-2019, Monthly,4.26," 9,911,534 ",48.21,Rural
Assam, 31-08-2019, Monthly,5.79," 9,292,039 ",45.83,Rural
Assam, 30-09-2019, Monthly,4.46," 11,468,349 ",55.67,Rural
Assam, 31-10-2019, Monthly,4.65," 8,395,906 ",40.76,Rural
Assam, 30-11-2019, Monthly,4.66," 9,625,362 ",46.64,Rural
Assam, 31-01-2020, Monthly,4.29," 11,420,996 ",54.9,Rural
Assam, 29-02-2020, Monthly,3.26," 8,462,814 ",40.17,Rural
Assam, 31-03-2020, Monthly,3.77," 9,878,742 ",47.05,Rural
Assam, 31-05-2020, Monthly,9.38," 9,926,176 ",50,Rural
Assam, 30-06-2020, Monthly,0," 7,544,937 ",34.38,Rural
Bihar, 31-05-2019, Monthly,9.27," 24,322,330 ",39.75,Rural
Bihar, 30-06-2019, Monthly,10.2," 24,097,712 ",39.71,Rural
Bihar, 31-07-2019, Monthly,13.44," 23,248,875 ",39.66,Rural
Bihar, 31-08-2019, Monthly,11," 22,260,203 ",36.85,Rural
Bihar, 30-09-2019, Monthly,8.87," 23,905,700 ",38.57,Rural
Bihar, 31-10-2019, Monthly,12.47," 24,053,140 ",40.31,Rural
Bihar, 30-11-2019, Monthly,12.4," 22,445,989 ",37.51,Rural
Bihar, 31-12-2019, Monthly,10.16," 22,914,530 ",37.25,Rural
Bihar, 31-01-2020, Monthly,9.13," 23,409,006 ",37.54,Rural
Bihar, 29-02-2020, Monthly,9.61," 23,168,192 ",37.28,Rural
Bihar, 31-03-2020, Monthly,15.39," 22,667,882 ",38.88,Rural
Bihar, 30-04-2020, Monthly,45.09," 14,645,275 ",38.63,Rural
Bihar, 31-05-2020, Monthly,47.26," 14,050,319 ",38.5,Rural
Bihar, 30-06-2020, Monthly,20.49," 20,622,566 ",37.4,Rural
Chhattisgarh, 31-05-2019, Monthly,9.82," 6,259,019 ",42.89,Rural
Chhattisgarh, 30-06-2019, Monthly,6.76," 6,608,626 ",43.71,Rural
Chhattisgarh, 31-07-2019, Monthly,4.54," 6,753,622 ",43.53,Rural
Chhattisgarh, 31-08-2019, Monthly,4.64," 6,607,694 ",42.55,Rural
Chhattisgarh, 30-09-2019, Monthly,8.33," 6,490,776 ",43.38,Rural
Chhattisgarh, 31-10-2019, Monthly,6.96," 7,043,840 ",46.28,Rural
Chhattisgarh, 30-11-2019, Monthly,2.77," 6,942,931 ",43.56,Rural
Chhattisgarh, 31-12-2019, Monthly,6.11," 6,569,385 ",42.59,Rural
Chhattisgarh, 31-01-2020, Monthly,9.89," 6,236,201 ",42.03,Rural
Chhattisgarh, 29-02-2020, Monthly,7.89," 6,847,173 ",45.05,Rural
Chhattisgarh, 31-03-2020, Monthly,7.31," 6,894,808 ",44.98,Rural
Chhattisgarh, 30-04-2020, Monthly,0," 6,534,321 ",39.43,Rural
Chhattisgarh, 31-05-2020, Monthly,7.64," 5,454,091 ",35.56,Rural
Chhattisgarh, 30-06-2020, Monthly,10.14," 5,781,095 ",38.66,Rural
Delhi, 31-05-2019, Monthly,12.56," 169,487 ",42.33,Rural
Delhi, 30-06-2019, Monthly,9.33," 149,076 ",35.74,Rural
Delhi, 31-07-2019, Monthly,11.07," 166,605 ",40.53,Rural
Delhi, 31-08-2019, Monthly,17.18," 135,407 ",35.21,Rural
Delhi, 30-09-2019, Monthly,12.5," 166,056 ",40.68,Rural
Delhi, 31-10-2019, Monthly,15.84," 149,511 ",37.9,Rural
Delhi, 30-11-2019, Monthly,11.11," 178,768 ",42.71,Rural
Delhi, 31-12-2019, Monthly,16.97," 145,671 ",37.08,Rural
Delhi, 31-01-2020, Monthly,13.48," 157,791 ",38.36,Rural
Delhi, 29-02-2020, Monthly,13.81," 147,500 ",35.84,Rural
Delhi, 31-03-2020, Monthly,15.18," 152,413 ",37.45,Rural
Delhi, 30-04-2020, Monthly,20.69," 115,487 ",30.21,Rural
Delhi, 31-05-2020, Monthly,22.76," 129,610 ",34.65,Rural
Delhi, 30-06-2020, Monthly,21.14," 112,108 ",29.22,Rural
Goa, 31-05-2019, Monthly,2.91," 179,340 ",39.16,Rural
Goa, 30-06-2019, Monthly,5.45," 170,471 ",38.19,Rural
Goa, 31-07-2019, Monthly,10.98," 167,437 ",39.81,Rural
Goa, 31-08-2019, Monthly,1.98," 183,603 ",39.61,Rural
Goa, 30-09-2019, Monthly,3.61," 163,215 ",35.78,Rural
Goa, 31-10-2019, Monthly,7.21," 177,440 ",40.36,Rural
Goa, 30-11-2019, Monthly,23.71," 159,489 ",44.09,Rural
Goa, 31-12-2019, Monthly,3.54," 177,155 ",38.7,Rural
Goa, 31-01-2020, Monthly,5.38," 158,936 ",35.36,Rural
Goa, 29-02-2020, Monthly,0," 171,672 ",36.11,Rural
Goa, 30-04-2020, Monthly,15.91," 181,657 ",45.36,Rural
Goa, 31-05-2020, Monthly,20," 128,538 ",33.71,Rural
Gujarat, 31-05-2019, Monthly,2.88," 13,954,728 ",52.03,Rural
Gujarat, 30-06-2019, Monthly,4.77," 13,199,281 ",50.12,Rural
Gujarat, 31-07-2019, Monthly,4.58," 14,327,083 ",54.21,Rural
Gujarat, 31-08-2019, Monthly,3.7," 13,507,342 ",50.57,Rural
Gujarat, 30-09-2019, Monthly,6.29," 13,280,783 ",51.01,Rural
Gujarat, 31-10-2019, Monthly,4.91," 13,828,512 ",52.27,Rural
Gujarat, 30-11-2019, Monthly,4.68," 14,487,815 ",54.55,Rural
Gujarat, 31-12-2019, Monthly,3.46," 13,877,825 ",51.51,Rural
Gujarat, 31-01-2020, Monthly,5.35," 14,301,844 ",54.07,Rural
Gujarat, 29-02-2020, Monthly,6.64," 13,973,042 ",53.48,Rural
Gujarat, 31-03-2020, Monthly,7.59," 13,483,615 ",52.06,Rural
Gujarat, 30-04-2020, Monthly,12," 8,587,594 ",34.77,Rural
Gujarat, 31-05-2020, Monthly,14.58," 11,121,124 ",46.31,Rural
Gujarat, 30-06-2020, Monthly,1.41," 13,243,922 ",47.72,Rural
Haryana, 31-05-2019, Monthly,14.54," 5,249,186 ",45.12,Rural
Haryana, 30-06-2019, Monthly,23.08," 4,745,178 ",45.23,Rural
Haryana, 31-07-2019, Monthly,16.22," 4,826,560 ",42.17,Rural
Haryana, 31-08-2019, Monthly,30.94," 4,558,306 ",48.23,Rural
Haryana, 30-09-2019, Monthly,16.36," 5,127,956 ",44.72,Rural
Haryana, 31-10-2019, Monthly,24.17," 4,798,833 ",46.07,Rural
Haryana, 30-11-2019, Monthly,16.59," 4,875,763 ",42.48,Rural
Haryana, 31-12-2019, Monthly,29.56," 4,603,484 ",47.4,Rural
Haryana, 31-01-2020, Monthly,16.21," 5,062,293 ",43.74,Rural
Haryana, 29-02-2020, Monthly,27.19," 4,570,108 ",45.37,Rural
Haryana, 31-03-2020, Monthly,23.92," 4,366,148 ",41.4,Rural
Haryana, 30-04-2020, Monthly,41.61," 4,041,050 ",49.85,Rural
Haryana, 31-05-2020, Monthly,34.22," 3,914,193 ",42.78,Rural
Haryana, 30-06-2020, Monthly,35.57," 4,357,835 ",48.53,Rural
Himachal Pradesh, 31-05-2019, Monthly,13.68," 2,045,760 ",44.23,Rural
Himachal Pradesh, 30-06-2019, Monthly,11.43," 1,957,081 ",41.18,Rural
Himachal Pradesh, 31-07-2019, Monthly,20.59," 1,916,824 ",44.91,Rural
Himachal Pradesh, 31-08-2019, Monthly,18.56," 1,969,248 ",44.91,Rural
Himachal Pradesh, 30-09-2019, Monthly,15.98," 2,039,804 ",45.02,Rural
Himachal Pradesh, 31-10-2019, Monthly,15.81," 1,946,957 ",42.81,Rural
Himachal Pradesh, 30-11-2019, Monthly,22.86," 2,024,409 ",48.5,Rural
Himachal Pradesh, 31-12-2019, Monthly,19.46," 1,922,821 ",44.05,Rural
Himachal Pradesh, 31-01-2020, Monthly,16.67," 2,041,035 ",45.11,Rural
Himachal Pradesh, 29-02-2020, Monthly,15.42," 1,952,464 ",42.45,Rural
Himachal Pradesh, 31-03-2020, Monthly,17.71," 1,800,426 ",40.17,Rural
Himachal Pradesh, 30-04-2020, Monthly,2.13," 984,171 ",18.43,Rural
Himachal Pradesh, 31-05-2020, Monthly,25.64," 1,732,050 ",42.62,Rural
Himachal Pradesh, 30-06-2020, Monthly,1.12," 2,230,075 ",41.2,Rural
Jammu & Kashmir, 31-05-2019, Monthly,12.78," 2,495,186 ",40.57,Rural
Jammu & Kashmir, 30-06-2019, Monthly,12.09," 2,423,742 ",39.02,Rural
Jammu & Kashmir, 31-07-2019, Monthly,13.67," 2,549,316 ",41.71,Rural
Jammu & Kashmir, 31-08-2019, Monthly,11.32," 2,778,624 ",44.17,Rural
Jammu & Kashmir, 31-10-2019, Monthly,19.27," 2,477,621 ",43.08,Rural
Jammu & Kashmir, 30-11-2019, Monthly,14.73," 2,415,724 ",39.69,Rural
Jammu & Kashmir, 31-01-2020, Monthly,22.19," 2,373,488 ",42.56,Rural
Jammu & Kashmir, 29-02-2020, Monthly,21.23," 2,163,397 ",38.25,Rural
Jammu & Kashmir, 31-03-2020, Monthly,16," 2,361,004 ",39.06,Rural
Jammu & Kashmir, 31-05-2020, Monthly,2.22," 2,716,966 ",38.46,Rural
Jammu & Kashmir, 30-06-2020, Monthly,18.97," 2,049,617 ",34.94,Rural
Jharkhand, 31-05-2019, Monthly,7.11," 7,035,766 ",39.04,Rural
Jharkhand, 30-06-2019, Monthly,8.46," 7,319,782 ",41.12,Rural
Jharkhand, 31-07-2019, Monthly,9.98," 6,958,404 ",39.66,Rural
Jharkhand, 31-08-2019, Monthly,12.06," 7,015,356 ",40.83,Rural
Jharkhand, 30-09-2019, Monthly,7.12," 7,500,122 ",41.24,Rural
Jharkhand, 31-10-2019, Monthly,6.57," 7,761,243 ",42.33,Rural
Jharkhand, 30-11-2019, Monthly,8.07," 7,279,628 ",40.26,Rural
Jharkhand, 31-12-2019, Monthly,15.15," 6,873,437 ",41.09,Rural
Jharkhand, 31-01-2020, Monthly,6.16," 7,868,736 ",42.43,Rural
Jharkhand, 29-02-2020, Monthly,9.06," 7,932,402 ",44.05,Rural
Jharkhand, 31-03-2020, Monthly,5.01," 7,157,454 ",37.96,Rural
Jharkhand, 30-04-2020, Monthly,41.72," 4,280,434 ",36.92,Rural
Jharkhand, 31-05-2020, Monthly,55.1," 3,315,038 ",37.03,Rural
Jharkhand, 30-06-2020, Monthly,21.53," 6,375,114 ",40.65,Rural
Karnataka, 31-05-2019, Monthly,5.46," 13,911,440 ",46.36,Rural
Karnataka, 30-06-2019, Monthly,5.98," 12,888,490 ",43.12,Rural
Karnataka, 31-07-2019, Monthly,0.52," 12,169,808 ",38.42,Rural
Karnataka, 31-08-2019, Monthly,0.37," 12,686,470 ",39.93,Rural
Karnataka, 30-09-2019, Monthly,3.2," 13,741,892 ",44.45,Rural
Karnataka, 31-10-2019, Monthly,7.13," 12,803,527 ",43.1,Rural
Karnataka, 30-11-2019, Monthly,1.19," 11,537,217 ",36.45,Rural
Karnataka, 31-12-2019, Monthly,0.41," 12,756,132 ",39.92,Rural
Karnataka, 31-01-2020, Monthly,2.57," 13,938,874 ",44.52,Rural
Karnataka, 29-02-2020, Monthly,4.11," 12,753,657 ",41.33,Rural
Karnataka, 31-03-2020, Monthly,2.39," 12,853,818 ",40.85,Rural
Karnataka, 30-04-2020, Monthly,33.17," 9,330,400 ",43.25,Rural
Karnataka, 31-05-2020, Monthly,23.72," 10,626,328 ",43.09,Rural
Karnataka, 30-06-2020, Monthly,10.92," 15,396,213 ",53.37,Rural
Kerala, 31-05-2019, Monthly,6.63," 5,184,355 ",38.07,Rural
Kerala, 30-06-2019, Monthly,9," 5,605,627 ",42.19,Rural
Kerala, 31-07-2019, Monthly,4.95," 4,855,393 ",34.96,Rural
Kerala, 31-08-2019, Monthly,10.32," 5,233,449 ",39.9,Rural
Kerala, 30-09-2019, Monthly,5.35," 5,400,499 ",38.97,Rural
Kerala, 31-10-2019, Monthly,9.14," 5,328,825 ",40.02,Rural
Kerala, 30-11-2019, Monthly,5," 4,557,906 ",32.71,Rural
Kerala, 31-12-2019, Monthly,10.77," 5,065,804 ",38.67,Rural
Kerala, 31-01-2020, Monthly,4.11," 5,307,026 ",37.66,Rural
Kerala, 29-02-2020, Monthly,8.91," 5,203,579 ",38.84,Rural
Kerala, 31-03-2020, Monthly,8.85," 4,141,953 ",30.87,Rural
Kerala, 30-04-2020, Monthly,10.71," 1,754,170 ",13.33,Rural
Kerala, 31-05-2020, Monthly,23.38," 3,799,919 ",33.62,Rural
Kerala, 30-06-2020, Monthly,27.66," 3,952,088 ",37.01,Rural
Madhya Pradesh, 31-05-2019, Monthly,3.63," 15,349,838 ",37.97,Rural
Madhya Pradesh, 30-06-2019, Monthly,4.25," 16,294,794 ",40.48,Rural
Madhya Pradesh, 31-07-2019, Monthly,3.92," 16,274,707 ",40.2,Rural
Madhya Pradesh, 31-08-2019, Monthly,4.94," 16,559,137 ",41.25,Rural
Madhya Pradesh, 30-09-2019, Monthly,3.08," 16,159,315 ",39.4,Rural
Madhya Pradesh, 31-10-2019, Monthly,2.98," 17,060,638 ",41.46,Rural
Madhya Pradesh, 30-11-2019, Monthly,2.72," 16,306,428 ",39.44,Rural
Madhya Pradesh, 31-12-2019, Monthly,2.94," 16,854,647 ",40.77,Rural
Madhya Pradesh, 31-01-2020, Monthly,3.66," 16,183,702 ",39.35,Rural
Madhya Pradesh, 29-02-2020, Monthly,4.42," 16,178,044 ",39.57,Rural
Madhya Pradesh, 31-03-2020, Monthly,1.19," 16,480,441 ",38.9,Rural
Madhya Pradesh, 30-04-2020, Monthly,12.5," 14,238,959 ",37.88,Rural
Madhya Pradesh, 31-05-2020, Monthly,22.46," 13,099,601 ",39.24,Rural
Madhya Pradesh, 30-06-2020, Monthly,6.46," 16,748,971 ",41.5,Rural
Maharashtra, 31-05-2019, Monthly,3.67," 23,896,858 ",47.11,Rural
Maharashtra, 30-06-2019, Monthly,4.34," 23,056,511 ",45.69,Rural
Maharashtra, 31-07-2019, Monthly,3.66," 24,843,750 ",48.8,Rural
Maharashtra, 31-08-2019, Monthly,3.76," 26,835,389 ",52.67,Rural
Maharashtra, 30-09-2019, Monthly,4.4," 25,219,281 ",49.74,Rural
Maharashtra, 31-10-2019, Monthly,3.81," 24,330,249 ",47.61,Rural
Maharashtra, 30-11-2019, Monthly,3.68," 24,881,383 ",48.53,Rural
Maharashtra, 31-12-2019, Monthly,3.03," 26,357,625 ",50.98,Rural
Maharashtra, 31-01-2020, Monthly,3.8," 25,881,398 ",50.36,Rural
Maharashtra, 29-02-2020, Monthly,4.24," 25,293,535 ",49.36,Rural
Maharashtra, 31-03-2020, Monthly,5.38," 23,130,976 ",45.6,Rural
Maharashtra, 30-04-2020, Monthly,25.28," 15,014,802 ",37.42,Rural
Maharashtra, 31-05-2020, Monthly,16.89," 18,423,447 ",41.21,Rural
Maharashtra, 30-06-2020, Monthly,9.4," 23,601,016 ",48.34,Rural
Meghalaya, 31-05-2019, Monthly,3.16," 1,119,011 ",66.13,Rural
Meghalaya, 30-06-2019, Monthly,4.23," 1,024,797 ",61.09,Rural
Meghalaya, 31-07-2019, Monthly,1.03," 1,158,511 ",66.67,Rural
Meghalaya, 31-08-2019, Monthly,0.52," 1,065,725 ",60.86,Rural
Meghalaya, 30-09-2019, Monthly,0.24," 1,162,159 ",66.02,Rural
Meghalaya, 31-10-2019, Monthly,3.7," 1,080,609 ",63.44,Rural
Meghalaya, 30-11-2019, Monthly,1.5," 1,205,703 ",69.03,Rural
Meghalaya, 31-12-2019, Monthly,1.8," 1,102,997 ",63.18,Rural
Meghalaya, 31-01-2020, Monthly,0.97," 1,229,406 ",69.66,Rural
Meghalaya, 29-02-2020, Monthly,2.76," 1,112,864 ",64.06,Rural
Meghalaya, 31-03-2020, Monthly,1.28," 1,192,616 ",67.46,Rural
Meghalaya, 30-04-2020, Monthly,8.38," 803,118 ",48.83,Rural
Meghalaya, 31-05-2020, Monthly,3.73," 992,148 ",57.26,Rural
Meghalaya, 30-06-2020, Monthly,1.35," 1,150,200 ",64.63,Rural
Odisha, 31-05-2019, Monthly,4.17," 11,155,753 ",40.47,Rural
Odisha, 30-06-2019, Monthly,4.71," 10,965,154 ",39.94,Rural
Odisha, 31-07-2019, Monthly,3.31," 12,009,883 ",43.05,Rural
Odisha, 31-08-2019, Monthly,3.68," 11,727,659 ",42.13,Rural
Odisha, 30-09-2019, Monthly,4.31," 11,167,715 ",40.32,Rural
Odisha, 31-10-2019, Monthly,4.28," 11,621,534 ",41.88,Rural
Odisha, 30-11-2019, Monthly,4.72," 12,192,623 ",44.06,Rural
Odisha, 31-12-2019, Monthly,4.67," 11,345,069 ",40.91,Rural
Odisha, 31-01-2020, Monthly,1.81," 11,182,128 ",39.09,Rural
Odisha, 29-02-2020, Monthly,3.31," 11,842,655 ",41.98,Rural
Odisha, 31-03-2020, Monthly,15.09," 9,814,156 ",39.55,Rural
Odisha, 30-04-2020, Monthly,24.48," 5,562,449 ",25.16,Rural
Odisha, 31-05-2020, Monthly,9.45," 9,683,719 ",36.48,Rural
Odisha, 30-06-2020, Monthly,4.59," 10,187,145 ",36.36,Rural
Puducherry, 31-05-2019, Monthly,0," 172,474 ",43.08,Rural
Puducherry, 30-06-2019, Monthly,0," 184,527 ",45.95,Rural
Puducherry, 31-07-2019, Monthly,0," 139,227 ",34.56,Rural
Puducherry, 31-08-2019, Monthly,4.85," 183,930 ",47.83,Rural
Puducherry, 30-09-2019, Monthly,0," 175,718 ",43.34,Rural
Puducherry, 31-10-2019, Monthly,1.18," 180,283 ",44.85,Rural
Puducherry, 30-11-2019, Monthly,0," 142,787 ",35,Rural
Puducherry, 31-12-2019, Monthly,1.99," 180,808 ",45.07,Rural
Puducherry, 31-01-2020, Monthly,0.58," 176,252 ",43.18,Rural
Puducherry, 29-02-2020, Monthly,1.74," 183,619 ",45.38,Rural
Puducherry, 31-03-2020, Monthly,2.31," 142,176 ",35.23,Rural
Puducherry, 30-04-2020, Monthly,74.51," 49,420 ",46.79,Rural
Punjab, 31-05-2019, Monthly,9.17," 6,088,547 ",44.79,Rural
Punjab, 30-06-2019, Monthly,12.21," 6,025,235 ",45.79,Rural
Punjab, 31-07-2019, Monthly,9.64," 6,308,129 ",46.5,Rural
Punjab, 31-08-2019, Monthly,6.69," 6,183,427 ",44.08,Rural
Punjab, 30-09-2019, Monthly,8.59," 6,260,971 ",45.49,Rural
Punjab, 31-10-2019, Monthly,12.56," 6,021,921 ",45.66,Rural
Punjab, 30-11-2019, Monthly,7.07," 6,395,022 ",45.55,Rural
Punjab, 31-12-2019, Monthly,6.13," 6,164,215 ",43.4,Rural
Punjab, 31-01-2020, Monthly,9.69," 6,189,471 ",45.22,Rural
Punjab, 29-02-2020, Monthly,10.41," 6,009,820 ",44.19,Rural
Punjab, 31-03-2020, Monthly,10.51," 6,373,692 ",46.85,Rural
Punjab, 30-04-2020, Monthly,3.69," 4,721,590 ",32.2,Rural
Punjab, 31-05-2020, Monthly,40.59," 3,727,366 ",41.14,Rural
Punjab, 30-06-2020, Monthly,20," 5,364,047 ",43.9,Rural
Rajasthan, 31-05-2019, Monthly,4.03," 15,226,005 ",38.52,Rural
Rajasthan, 30-06-2019, Monthly,13.7," 14,610,564 ",41.02,Rural
Rajasthan, 31-07-2019, Monthly,9.7," 14,859,873 ",39.78,Rural
Rajasthan, 31-08-2019, Monthly,12.5," 15,052,051 ",41.48,Rural
Rajasthan, 30-09-2019, Monthly,5.45," 15,419,779 ",39.24,Rural
Rajasthan, 31-10-2019, Monthly,14.66," 15,178,544 ",42.69,Rural
Rajasthan, 30-11-2019, Monthly,10.47," 15,278,556 ",40.87,Rural
Rajasthan, 31-12-2019, Monthly,13.96," 15,485,307 ",43,Rural
Rajasthan, 31-01-2020, Monthly,8," 15,484,353 ",40.12,Rural
Rajasthan, 29-02-2020, Monthly,14.48," 15,040,572 ",41.83,Rural
Rajasthan, 31-03-2020, Monthly,9.47," 15,059,769 ",39.47,Rural
Rajasthan, 30-04-2020, Monthly,12.25," 13,051,219 ",35.21,Rural
Rajasthan, 31-05-2020, Monthly,10.45," 15,586,833 ",41.11,Rural
Rajasthan, 30-06-2020, Monthly,13.86," 16,076,978 ",43.98,Rural
Sikkim, 31-10-2019, Monthly,5.48," 146,688 ",44.06,Rural
Sikkim, 30-11-2019, Monthly,13.11," 162,426 ",53.04,Rural
Sikkim, 31-12-2019, Monthly,1," 161,647 ",46.3,Rural
Sikkim, 30-04-2020, Monthly,0," 133,399 ",37.72,Rural
Sikkim, 30-06-2020, Monthly,5.81," 141,313 ",42.36,Rural
Tamil Nadu, 31-05-2019, Monthly,0.97," 15,844,698 ",49.44,Rural
Tamil Nadu, 30-06-2019, Monthly,0.92," 16,375,303 ",50.99,Rural
Tamil Nadu, 31-07-2019, Monthly,6.01," 16,455,928 ",53.94,Rural
Tamil Nadu, 31-08-2019, Monthly,2.91," 16,463,931 ",52.17,Rural
Tamil Nadu, 30-09-2019, Monthly,1.71," 14,595,441 ",45.62,Rural
Tamil Nadu, 31-10-2019, Monthly,1.46," 15,595,647 ",48.55,Rural
Tamil Nadu, 30-11-2019, Monthly,2.46," 16,223,430 ",50.95,Rural
Tamil Nadu, 31-12-2019, Monthly,3.73," 15,356,938 ",48.8,Rural
Tamil Nadu, 31-01-2020, Monthly,1.18," 14,954,646 ",46.23,Rural
Tamil Nadu, 29-02-2020, Monthly,1.17," 15,828,488 ",48.86,Rural
Tamil Nadu, 31-03-2020, Monthly,6.36," 15,848,590 ",51.56,Rural
Tamil Nadu, 30-04-2020, Monthly,53.19," 5,086,200 ",33.05,Rural
Tamil Nadu, 31-05-2020, Monthly,38.73," 5,768,342 ",28.6,Rural
Tamil Nadu, 30-06-2020, Monthly,2.06," 10,169,115 ",31.49,Rural
Telangana, 31-05-2019, Monthly,2.23," 11,053,353 ",61.74,Rural
Telangana, 30-06-2019, Monthly,5.92," 10,728,822 ",62.19,Rural
Telangana, 31-07-2019, Monthly,2.45," 11,538,688 ",64.4,Rural
Telangana, 31-08-2019, Monthly,1.4," 10,743,959 ",59.23,Rural
Telangana, 30-09-2019, Monthly,5.49," 12,636,415 ",72.57,Rural
Telangana, 31-10-2019, Monthly,7.29," 11,375,354 ",66.49,Rural
Telangana, 30-11-2019, Monthly,6.47," 11,265,828 ",65.17,Rural
Telangana, 31-12-2019, Monthly,1.35," 11,068,056 ",60.61,Rural
Telangana, 31-01-2020, Monthly,5.02," 12,065,915 ",68.51,Rural
Telangana, 29-02-2020, Monthly,9.02," 11,304,474 ",66.92,Rural
Telangana, 31-03-2020, Monthly,5.63," 12,028,377 ",68.53,Rural
Telangana, 30-04-2020, Monthly,4.51," 8,793,799 ",49.44,Rural
Telangana, 31-05-2020, Monthly,34.01," 7,508,747 ",61,Rural
Telangana, 30-06-2020, Monthly,19.3," 8,891,181 ",58.97,Rural
Tripura, 31-05-2019, Monthly,29.25," 1,019,549 ",64.47,Rural
Tripura, 30-06-2019, Monthly,26.64," 1,107,013 ",67.4,Rural
Tripura, 31-07-2019, Monthly,22.47," 1,052,597 ",60.54,Rural
Tripura, 31-08-2019, Monthly,25.49," 975,501 ",58.29,Rural
Tripura, 30-09-2019, Monthly,30.23," 1,034,408 ",65.9,Rural
Tripura, 31-10-2019, Monthly,27.54," 1,113,764 ",68.21,Rural
Tripura, 30-11-2019, Monthly,25.25," 1,084,633 ",64.29,Rural
Tripura, 31-12-2019, Monthly,26.53," 1,046,878 ",63.02,Rural
Tripura, 31-01-2020, Monthly,31.91," 1,057,975 ",68.61,Rural
Tripura, 29-02-2020, Monthly,26.22," 1,169,347 ",69.88,Rural
Tripura, 31-03-2020, Monthly,31.61," 1,060,946 ",68.28,Rural
Tripura, 30-04-2020, Monthly,43.64," 675,083 ",52.63,Rural
Tripura, 31-05-2020, Monthly,14.71," 911,789 ",46.9,Rural
Tripura, 30-06-2020, Monthly,18.84," 1,106,978 ",59.74,Rural
Uttar Pradesh, 31-05-2019, Monthly,10.26," 43,287,808 ",39.96,Rural
Uttar Pradesh, 30-06-2019, Monthly,11.13," 42,276,572 ",39.32,Rural
Uttar Pradesh, 31-07-2019, Monthly,9.19," 42,697,000 ",38.78,Rural
Uttar Pradesh, 31-08-2019, Monthly,11.47," 43,298,746 ",40.24,Rural
Uttar Pradesh, 30-09-2019, Monthly,6.45," 44,198,762 ",38.79,Rural
Uttar Pradesh, 31-10-2019, Monthly,10.18," 42,833,265 ",39.07,Rural
Uttar Pradesh, 30-11-2019, Monthly,6.94," 43,261,530 ",38.01,Rural
Uttar Pradesh, 31-12-2019, Monthly,8.43," 44,640,087 ",39.77,Rural
Uttar Pradesh, 31-01-2020, Monthly,6.06," 45,777,509 ",39.67,Rural
Uttar Pradesh, 29-02-2020, Monthly,8.12," 44,257,432 ",39.13,Rural
Uttar Pradesh, 31-03-2020, Monthly,9.37," 43,086,706 ",38.53,Rural
Uttar Pradesh, 30-04-2020, Monthly,19.92," 39,970,677 ",40.37,Rural
Uttar Pradesh, 31-05-2020, Monthly,16.89," 38,640,999 ",37.52,Rural
Uttar Pradesh, 30-06-2020, Monthly,8.51," 41,908,909 ",36.89,Rural
Uttarakhand, 31-05-2019, Monthly,1.63," 2,108,044 ",37.47,Rural
Uttarakhand, 30-06-2019, Monthly,4.65," 2,021,553 ",37.01,Rural
Uttarakhand, 31-07-2019, Monthly,5.74," 2,000,524 ",36.97,Rural
Uttarakhand, 31-08-2019, Monthly,6.11," 1,911,380 ",35.39,Rural
Uttarakhand, 30-09-2019, Monthly,3.47," 2,157,845 ",38.79,Rural
Uttarakhand, 31-10-2019, Monthly,4.83," 2,027,662 ",36.9,Rural
Uttarakhand, 30-11-2019, Monthly,5.56," 2,007,113 ",36.73,Rural
Uttarakhand, 31-12-2019, Monthly,4.52," 1,947,566 ",35.19,Rural
Uttarakhand, 31-01-2020, Monthly,4.17," 1,986,386 ",35.69,Rural
Uttarakhand, 29-02-2020, Monthly,4.85," 2,057,523 ",37.16,Rural
Uttarakhand, 30-04-2020, Monthly,3.66," 1,972,074 ",35.04,Rural
Uttarakhand, 31-05-2020, Monthly,3.57," 1,915,482 ",33.94,Rural
Uttarakhand, 30-06-2020, Monthly,10.71," 1,675,441 ",32,Rural
West Bengal, 31-05-2019, Monthly,6.02," 23,452,875 ",46.41,Rural
West Bengal, 30-06-2019, Monthly,5.85," 25,543,465 ",50.36,Rural
West Bengal, 31-07-2019, Monthly,5.62," 24,857,807 ",48.78,Rural
West Bengal, 31-08-2019, Monthly,5.58," 24,924,827 ",48.79,Rural
West Bengal, 30-09-2019, Monthly,5.26," 25,610,773 ",49.87,Rural
West Bengal, 31-10-2019, Monthly,6.78," 24,353,018 ",48.09,Rural
West Bengal, 30-11-2019, Monthly,5.83," 25,630,359 ",50,Rural
West Bengal, 31-12-2019, Monthly,5.79," 24,906,239 ",48.47,Rural
West Bengal, 31-01-2020, Monthly,6.79," 24,612,171 ",48.3,Rural
West Bengal, 29-02-2020, Monthly,3.78," 26,093,009 ",49.51,Rural
West Bengal, 31-03-2020, Monthly,7.02," 25,097,812 ",49.18,Rural
West Bengal, 30-04-2020, Monthly,18.32," 17,639,370 ",39.27,Rural
West Bengal, 31-05-2020, Monthly,18.43," 19,115,772 ",42.53,Rural
West Bengal, 30-06-2020, Monthly,4.94," 21,225,887 ",40.44,Rural
Andhra Pradesh, 31-05-2019,Monthly,6.09," 4,788,661 ",37.45,Urban
Andhra Pradesh, 30-06-2019,Monthly,3.8," 4,824,630 ",36.76,Urban
Andhra Pradesh, 31-07-2019,Monthly,5.64," 4,657,443 ",36.1,Urban
Andhra Pradesh, 31-08-2019,Monthly,4.61," 4,743,179 ",36.29,Urban
Andhra Pradesh, 30-09-2019,Monthly,6.01," 4,733,996 ",36.69,Urban
Andhra Pradesh, 31-10-2019,Monthly,4.7," 4,774,377 ",36.41,Urban
Andhra Pradesh, 30-11-2019,Monthly,7.54," 4,668,772 ",36.62,Urban
Andhra Pradesh, 31-12-2019,Monthly,7.88," 4,913,963 ",38.61,Urban
Andhra Pradesh, 31-01-2020,Monthly,7.11," 4,618,860 ",35.91,Urban
Andhra Pradesh, 29-02-2020,Monthly,5.66," 4,822,035 ",36.84,Urban
Andhra Pradesh, 31-03-2020,Monthly,9.88," 4,521,537 ",36.08,Urban
Andhra Pradesh, 30-04-2020,Monthly,32.3," 2,544,084 ",26.97,Urban
Andhra Pradesh, 31-05-2020,Monthly,24.91," 3,428,356 ",32.69,Urban
Andhra Pradesh, 30-06-2020,Monthly,5.86," 4,954,389 ",37.61,Urban
Assam, 31-05-2019,Monthly,7.87," 1,671,707 ",44.92,Urban
Assam, 30-06-2019,Monthly,9.89," 1,647,342 ",45.17,Urban
Assam, 31-07-2019,Monthly,3.21," 1,739,838 ",44.32,Urban
Assam, 31-08-2019,Monthly,10.39," 1,595,582 ",43.81,Urban
Assam, 30-09-2019,Monthly,9.26," 1,576,480 ",42.66,Urban
Assam, 31-10-2019,Monthly,11.17," 1,595,176 ",44.01,Urban
Assam, 30-11-2019,Monthly,6.31," 1,708,045 ",44.59,Urban
Assam, 31-12-2019,Monthly,5.02," 1,722,303 ",44.26,Urban
Assam, 31-01-2020,Monthly,7.24," 1,630,908 ",42.82,Urban
Assam, 29-02-2020,Monthly,9.98," 1,625,454 ",43.9,Urban
Assam, 31-03-2020,Monthly,10.34," 1,664,145 ",45.03,Urban
Assam, 30-04-2020,Monthly,8.37," 1,454,956 ",38.45,Urban
Assam, 31-05-2020,Monthly,10.77," 1,441,722 ",39.04,Urban
Assam, 30-06-2020,Monthly,3.42," 1,551,007 ",38.73,Urban
Bihar, 31-05-2019,Monthly,19.9," 3,029,344 ",39.8,Urban
Bihar, 30-06-2019,Monthly,13.29," 3,248,864 ",39.35,Urban
Bihar, 31-07-2019,Monthly,16.41," 3,059,744 ",38.36,Urban
Bihar, 31-08-2019,Monthly,17.66," 2,994,763 ",38.03,Urban
Bihar, 30-09-2019,Monthly,20.46," 2,992,082 ",39.25,Urban
Bihar, 31-10-2019,Monthly,14.06," 3,173,429 ",38.45,Urban
Bihar, 30-11-2019,Monthly,17.62," 3,081,077 ",38.86,Urban
Bihar, 31-12-2019,Monthly,14.91," 2,977,857 ",36.29,Urban
Bihar, 31-01-2020,Monthly,20.69," 2,988,665 ",38.99,Urban
Bihar, 29-02-2020,Monthly,15.11," 3,113,464 ",37.87,Urban
Bihar, 31-03-2020,Monthly,15.73," 3,049,637 ",37.29,Urban
Bihar, 30-04-2020,Monthly,58.77," 1,400,962 ",34.94,Urban
Bihar, 31-05-2020,Monthly,37.87," 2,207,026 ",36.45,Urban
Bihar, 30-06-2020,Monthly,12.45," 3,124,663 ",36.54,Urban
Chandigarh, 31-05-2019,Monthly,18.35," 348,042 ",44.89,Urban
Chandigarh, 30-06-2019,Monthly,12.4," 337,145 ",40.44,Urban
Chandigarh, 31-07-2019,Monthly,21.8," 294,379 ",39.47,Urban
Chandigarh, 31-08-2019,Monthly,9.52," 328,282 ",37.95,Urban
Chandigarh, 30-09-2019,Monthly,20.14," 327,239 ",42.77,Urban
Chandigarh, 31-10-2019,Monthly,13.99," 330,856 ",40.06,Urban
Chandigarh, 30-11-2019,Monthly,22.05," 289,593 ",38.6,Urban
Chandigarh, 31-12-2019,Monthly,8.33," 311,146 ",35.19,Urban
Chandigarh, 31-01-2020,Monthly,20," 332,062 ",42.94,Urban
Chandigarh, 29-02-2020,Monthly,16.67," 316,887 ",39.25,Urban
Chandigarh, 31-03-2020,Monthly,21.43," 279,839 ",36.68,Urban
Chandigarh, 30-06-2020,Monthly,7.22," 306,505 ",33.8,Urban
Chhattisgarh, 31-05-2019,Monthly,9.77," 2,223,129 ",45.61,Urban
Chhattisgarh, 30-06-2019,Monthly,11.77," 2,192,020 ",45.88,Urban
Chhattisgarh, 31-07-2019,Monthly,8.17," 2,285,436 ",45.85,Urban
Chhattisgarh, 31-08-2019,Monthly,6.29," 2,392,400 ",46.91,Urban
Chhattisgarh, 30-09-2019,Monthly,9.46," 2,311,507 ",46.8,Urban
Chhattisgarh, 31-10-2019,Monthly,10.27," 2,297,096 ",46.82,Urban
Chhattisgarh, 30-11-2019,Monthly,8.32," 2,341,284 ",46.59,Urban
Chhattisgarh, 31-12-2019,Monthly,3.57," 2,415,436 ",45.59,Urban
Chhattisgarh, 31-01-2020,Monthly,9.01," 2,315,972 ",46.21,Urban
Chhattisgarh, 29-02-2020,Monthly,9.79," 2,347,941 ",47.14,Urban
Chhattisgarh, 31-03-2020,Monthly,8.21," 2,407,509 ",47.39,Urban
Chhattisgarh, 30-04-2020,Monthly,20.13," 1,066,126 ",24.06,Urban
Chhattisgarh, 31-05-2020,Monthly,24.1," 1,276,291 ",30.24,Urban
Chhattisgarh, 30-06-2020,Monthly,27.07," 1,602,231 ",39.41,Urban
Delhi, 31-05-2019,Monthly,12.31," 5,756,475 ",44.17,Urban
Delhi, 30-06-2019,Monthly,12.76," 5,550,172 ",42.71,Urban
Delhi, 31-07-2019,Monthly,14.68," 5,393,091 ",42.34,Urban
Delhi, 31-08-2019,Monthly,13.52," 5,552,510 ",42.9,Urban
Delhi, 30-09-2019,Monthly,20.59," 5,642,253 ",47.36,Urban
Delhi, 31-10-2019,Monthly,12.41," 6,030,363 ",45.78,Urban
Delhi, 30-11-2019,Monthly,16.11," 5,439,600 ",43.02,Urban
Delhi, 31-12-2019,Monthly,11.07," 5,718,337 ",42.56,Urban
Delhi, 31-01-2020,Monthly,22.45," 5,647,493 ",48.09,Urban
Delhi, 29-02-2020,Monthly,14.86," 5,708,807 ",44.18,Urban
Delhi, 31-03-2020,Monthly,17.09," 5,401,392 ",42.82,Urban
Delhi, 30-04-2020,Monthly,16.51," 3,003,787 ",23.59,Urban
Delhi, 31-05-2020,Monthly,45.78," 2,343,783 ",28.28,Urban
Delhi, 30-06-2020,Monthly,18.11," 4,306,807 ",34.32,Urban
Goa, 31-05-2019,Monthly,2.75," 264,855 ",34.17,Urban
Goa, 30-06-2019,Monthly,13.33," 304,015 ",43.96,Urban
Goa, 31-07-2019,Monthly,12.28," 280,367 ",40,Urban
Goa, 31-08-2019,Monthly,4.9," 243,277 ",31.97,Urban
Goa, 30-09-2019,Monthly,3.16," 309,643 ",39.92,Urban
Goa, 31-10-2019,Monthly,12.31," 290,264 ",41.27,Urban
Goa, 30-11-2019,Monthly,25.2," 271,612 ",45.22,Urban
Goa, 31-12-2019,Monthly,16.22," 288,154 ",42.77,Urban
Goa, 31-01-2020,Monthly,10.92," 257,814 ",35.95,Urban
Goa, 29-02-2020,Monthly,4.31," 306,396 ",39.73,Urban
Goa, 31-03-2020,Monthly,4.76," 277,093 ",36.05,Urban
Goa, 30-04-2020,Monthly,11.76," 318,957 ",44.74,Urban
Gujarat, 31-05-2019,Monthly,4.09," 9,686,558 ",41.67,Urban
Gujarat, 30-06-2019,Monthly,6.31," 10,144,965 ",44.57,Urban
Gujarat, 31-07-2019,Monthly,5.15," 9,828,023 ",42.54,Urban
Gujarat, 31-08-2019,Monthly,4.2," 10,228,154 ",43.72,Urban
Gujarat, 30-09-2019,Monthly,5.96," 9,609,939 ",41.75,Urban
Gujarat, 31-10-2019,Monthly,5.45," 10,474,217 ",45.14,Urban
Gujarat, 30-11-2019,Monthly,7.53," 9,896,129 ",43.5,Urban
Gujarat, 31-12-2019,Monthly,5.71," 10,172,812 ",43.75,Urban
Gujarat, 31-01-2020,Monthly,5.82," 9,824,501 ",42.19,Urban
Gujarat, 29-02-2020,Monthly,6.04," 10,784,753 ",46.31,Urban
Gujarat, 31-03-2020,Monthly,5.39," 10,083,026 ",42.9,Urban
Gujarat, 30-04-2020,Monthly,25.94," 6,701,284 ",36.33,Urban
Gujarat, 31-05-2020,Monthly,11.62," 6,072,776 ",27.52,Urban
Gujarat, 30-06-2020,Monthly,4.54," 10,574,711 ",44.26,Urban
Haryana, 31-05-2019,Monthly,24.67," 2,693,596 ",43.18,Urban
Haryana, 30-06-2019,Monthly,20.42," 2,845,190 ",43.06,Urban
Haryana, 31-07-2019,Monthly,25.45," 2,405,973 ",38.77,Urban
Haryana, 31-08-2019,Monthly,24.19," 2,523,005 ",39.87,Urban
Haryana, 30-09-2019,Monthly,26.84," 2,675,862 ",43.7,Urban
Haryana, 31-10-2019,Monthly,21.04," 2,821,456 ",42.58,Urban
Haryana, 30-11-2019,Monthly,27.06," 2,404,239 ",39.18,Urban
Haryana, 31-12-2019,Monthly,23.65," 2,548,835 ",39.57,Urban
Haryana, 31-01-2020,Monthly,27.24," 2,630,938 ",42.75,Urban
Haryana, 29-02-2020,Monthly,23.29," 2,752,834 ",42.32,Urban
Haryana, 31-03-2020,Monthly,27.14," 2,275,407 ",36.73,Urban
Haryana, 30-04-2020,Monthly,46.89," 1,606,580 ",35.48,Urban
Haryana, 31-05-2020,Monthly,38.46," 2,013,083 ",38.27,Urban
Haryana, 30-06-2020,Monthly,29.41," 2,304,138 ",38.09,Urban
Himachal Pradesh, 31-05-2019,Monthly,10.88," 245,668 ",45.27,Urban
Himachal Pradesh, 30-06-2019,Monthly,21.43," 237,576 ",49.58,Urban
Himachal Pradesh, 31-07-2019,Monthly,21.51," 235,894 ",49.22,Urban
Himachal Pradesh, 31-08-2019,Monthly,24.48," 236,315 ",51.17,Urban
Himachal Pradesh, 30-09-2019,Monthly,12," 247,210 ",45.87,Urban
Himachal Pradesh, 31-10-2019,Monthly,23.77," 232,322 ",49.69,Urban
Himachal Pradesh, 30-11-2019,Monthly,27.27," 233,029 ",52.17,Urban
Himachal Pradesh, 31-12-2019,Monthly,25.32," 241,366 ",52.55,Urban
Himachal Pradesh, 31-01-2020,Monthly,18.15," 246,596 ",48.92,Urban
Himachal Pradesh, 29-02-2020,Monthly,27.31," 227,804 ",50.82,Urban
Himachal Pradesh, 31-03-2020,Monthly,26.44," 221,432 ",48.74,Urban
Himachal Pradesh, 30-04-2020,Monthly,2.7," 146,957 ",24.42,Urban
Himachal Pradesh, 31-05-2020,Monthly,50," 134,868 ",43.55,Urban
Himachal Pradesh, 30-06-2020,Monthly,10.81," 224,902 ",40.66,Urban
Jammu & Kashmir, 31-05-2019,Monthly,23.04," 1,130,139 ",46.74,Urban
Jammu & Kashmir, 30-06-2019,Monthly,19.88," 1,139,815 ",45.17,Urban
Jammu & Kashmir, 31-07-2019,Monthly,21.55," 1,183,770 ",47.8,Urban
Jammu & Kashmir, 31-10-2019,Monthly,24.06," 1,029,087 ",42.63,Urban
Jammu & Kashmir, 30-11-2019,Monthly,14.29," 1,226,793 ",44.92,Urban
Jammu & Kashmir, 31-12-2019,Monthly,7.02," 1,209,085 ",40.71,Urban
Jammu & Kashmir, 31-01-2020,Monthly,18.54," 1,079,537 ",41.4,Urban
Jammu & Kashmir, 29-02-2020,Monthly,19.86," 1,060,116 ",41.23,Urban
Jammu & Kashmir, 31-03-2020,Monthly,14.29," 998,103 ",36.21,Urban
Jammu & Kashmir, 31-05-2020,Monthly,12.96," 937,435 ",33.33,Urban
Jharkhand, 31-05-2019,Monthly,17.23," 2,404,033 ",43.25,Urban
Jharkhand, 30-06-2019,Monthly,20.51," 2,326,911 ",43.51,Urban
Jharkhand, 31-07-2019,Monthly,15.67," 2,434,579 ",42.82,Urban
Jharkhand, 31-08-2019,Monthly,20.25," 2,335,406 ",43.35,Urban
Jharkhand, 30-09-2019,Monthly,21.16," 2,357,627 ",44.18,Urban
Jharkhand, 31-10-2019,Monthly,19.05," 2,460,196 ",44.82,Urban
Jharkhand, 30-11-2019,Monthly,17.34," 2,424,281 ",43.17,Urban
Jharkhand, 31-12-2019,Monthly,22.01," 2,290,170 ",43.14,Urban
Jharkhand, 31-01-2020,Monthly,22.96," 2,329,293 ",44.33,Urban
Jharkhand, 29-02-2020,Monthly,19.67," 2,493,023 ",45.42,Urban
Jharkhand, 31-03-2020,Monthly,16.4," 2,480,661 ",43.34,Urban
Jharkhand, 30-04-2020,Monthly,61.48," 1,054,829 ",39.92,Urban
Jharkhand, 31-05-2020,Monthly,70.17," 830,347 ",40.49,Urban
Jharkhand, 30-06-2020,Monthly,19.38," 2,244,460 ",40.43,Urban
Karnataka, 31-05-2019,Monthly,6.56," 8,638,239 ",40.62,Urban
Karnataka, 30-06-2019,Monthly,5," 8,862,498 ",40.89,Urban
Karnataka, 31-07-2019,Monthly,2.29," 8,738,029 ",39.09,Urban
Karnataka, 31-08-2019,Monthly,1.27," 8,614,340 ",38.04,Urban
Karnataka, 30-09-2019,Monthly,3.57," 8,647,794 ",39,Urban
Karnataka, 31-10-2019,Monthly,3.87," 8,799,249 ",39.7,Urban
Karnataka, 30-11-2019,Monthly,3.44," 8,613,835 ",38.6,Urban
Karnataka, 31-12-2019,Monthly,1.56," 8,592,376 ",37.66,Urban
Karnataka, 31-01-2020,Monthly,3.31," 8,749,154 ",38.94,Urban
Karnataka, 29-02-2020,Monthly,2.88," 8,924,061 ",39.45,Urban
Karnataka, 31-03-2020,Monthly,4.92," 9,225,835 ",41.55,Urban
Karnataka, 30-04-2020,Monthly,25.12," 7,387,995 ",42.14,Urban
Karnataka, 31-05-2020,Monthly,15.88," 8,669,258 ",43.9,Urban
Karnataka, 30-06-2020,Monthly,6.12," 8,822,411 ",39.93,Urban
Kerala, 31-05-2019,Monthly,6.11," 4,605,913 ",36.65,Urban
Kerala, 30-06-2019,Monthly,6.67," 4,678,374 ",37.42,Urban
Kerala, 31-07-2019,Monthly,7.58," 4,105,211 ",33.13,Urban
Kerala, 31-08-2019,Monthly,7.69," 4,448,650 ",35.91,Urban
Kerala, 30-09-2019,Monthly,5.52," 4,640,642 ",36.57,Urban
Kerala, 31-10-2019,Monthly,5.35," 4,644,510 ",36.49,Urban
Kerala, 30-11-2019,Monthly,6.71," 4,062,767 ",32.36,Urban
Kerala, 31-12-2019,Monthly,7.31," 4,440,283 ",35.56,Urban
Kerala, 31-01-2020,Monthly,6.65," 4,597,507 ",36.53,Urban
Kerala, 29-02-2020,Monthly,6.08," 4,624,444 ",36.48,Urban
Kerala, 31-03-2020,Monthly,9.14," 4,079,775 ",33.24,Urban
Kerala, 30-04-2020,Monthly,21.43," 2,179,106 ",20.51,Urban
Kerala, 31-05-2020,Monthly,30.28," 2,826,118 ",29.95,Urban
Kerala, 30-06-2020,Monthly,12.17," 4,601,293 ",38.68,Urban
Madhya Pradesh, 31-05-2019,Monthly,3.91," 6,692,720 ",38.96,Urban
Madhya Pradesh, 30-06-2019,Monthly,6.38," 6,509,340 ",38.8,Urban
Madhya Pradesh, 31-07-2019,Monthly,7.38," 6,266,446 ",37.67,Urban
Madhya Pradesh, 31-08-2019,Monthly,6.82," 6,809,834 ",40.6,Urban
Madhya Pradesh, 30-09-2019,Monthly,7," 6,655,967 ",39.67,Urban
Madhya Pradesh, 31-10-2019,Monthly,4.4," 6,603,715 ",38.2,Urban
Madhya Pradesh, 30-11-2019,Monthly,6.06," 6,459,457 ",37.94,Urban
Madhya Pradesh, 31-12-2019,Monthly,6.2," 6,787,403 ",39.83,Urban
Madhya Pradesh, 31-01-2020,Monthly,5.17," 6,834,930 ",39.59,Urban
Madhya Pradesh, 29-02-2020,Monthly,4.96," 6,533,435 ",37.68,Urban
Madhya Pradesh, 31-03-2020,Monthly,4.8," 6,386,723 ",36.68,Urban
Madhya Pradesh, 30-04-2020,Monthly,11.94," 4,802,873 ",29.76,Urban
Madhya Pradesh, 31-05-2020,Monthly,40.49," 3,879,934 ",35.49,Urban
Madhya Pradesh, 30-06-2020,Monthly,12.72," 6,221,562 ",38.72,Urban
Maharashtra, 31-05-2019,Monthly,6.08," 16,962,574 ",38.3,Urban
Maharashtra, 30-06-2019,Monthly,6.46," 17,375,053 ",39.3,Urban
Maharashtra, 31-07-2019,Monthly,6.35," 17,215,677 ",38.81,Urban
Maharashtra, 31-08-2019,Monthly,7.57," 16,602,767 ",37.84,Urban
Maharashtra, 30-09-2019,Monthly,7.6," 17,396,398 ",39.58,Urban
Maharashtra, 31-10-2019,Monthly,7.51," 17,221,991 ",39.05,Urban
Maharashtra, 30-11-2019,Monthly,7.6," 17,486,683 ",39.61,Urban
Maharashtra, 31-12-2019,Monthly,7.83," 16,581,144 ",37.57,Urban
Maharashtra, 31-01-2020,Monthly,6.67," 16,715,470 ",37.32,Urban
Maharashtra, 29-02-2020,Monthly,5.34," 17,122,782 ",37.61,Urban
Maharashtra, 31-03-2020,Monthly,6.34," 17,065,830 ",37.8,Urban
Maharashtra, 30-04-2020,Monthly,14.99," 12,674,451 ",30.86,Urban
Maharashtra, 31-05-2020,Monthly,15.92," 12,365,754 ",30.38,Urban
Maharashtra, 30-06-2020,Monthly,10.01," 16,172,690 ",37.04,Urban
Meghalaya, 31-05-2019,Monthly,8.4," 228,978 ",47.79,Urban
Meghalaya, 30-06-2019,Monthly,8.66," 231,252 ",48.29,Urban
Meghalaya, 31-07-2019,Monthly,4.43," 284,015 ",56.55,Urban
Meghalaya, 31-08-2019,Monthly,5.8," 259,433 ",52.27,Urban
Meghalaya, 30-09-2019,Monthly,5.3," 253,887 ",50.77,Urban
Meghalaya, 31-10-2019,Monthly,7.2," 234,375 ",47.71,Urban
Meghalaya, 30-11-2019,Monthly,3.02," 293,431 ",57.02,Urban
Meghalaya, 31-12-2019,Monthly,5.21," 267,417 ",53.04,Urban
Meghalaya, 31-01-2020,Monthly,4.76," 261,687 ",51.53,Urban
Meghalaya, 29-02-2020,Monthly,7.37," 233,965 ",47.26,Urban
Meghalaya, 31-03-2020,Monthly,2.8," 289,735 ",55.64,Urban
Meghalaya, 30-04-2020,Monthly,17.39," 161,939 ",36.51,Urban
Meghalaya, 31-05-2020,Monthly,14.58," 222,916 ",48.48,Urban
Odisha, 31-05-2019,Monthly,2.95," 2,519,582 ",41.26,Urban
Odisha, 30-06-2019,Monthly,2.63," 2,356,290 ",38.39,Urban
Odisha, 31-07-2019,Monthly,1.78," 2,542,237 ",40.99,Urban
Odisha, 31-08-2019,Monthly,3.5," 2,456,983 ",40.25,Urban
Odisha, 30-09-2019,Monthly,3.78," 2,570,663 ",42.15,Urban
Odisha, 31-10-2019,Monthly,4.5," 2,456,855 ",40.51,Urban
Odisha, 30-11-2019,Monthly,2.23," 2,594,469 ",41.71,Urban
Odisha, 31-12-2019,Monthly,3.36," 2,369,048 ",38.46,Urban
Odisha, 31-01-2020,Monthly,2.28," 2,561,320 ",41.05,Urban
Odisha, 29-02-2020,Monthly,2.19," 2,438,080 ",38.97,Urban
Odisha, 31-03-2020,Monthly,3.96," 2,457,952 ",39.93,Urban
Odisha, 30-04-2020,Monthly,20.5," 1,303,244 ",25.53,Urban
Odisha, 31-05-2020,Monthly,10," 1,975,481 ",34.12,Urban
Odisha, 30-06-2020,Monthly,2.18," 2,221,069 ",35.24,Urban
Puducherry, 31-05-2019,Monthly,1.25," 283,905 ",35.71,Urban
Puducherry, 30-06-2019,Monthly,0," 304,369 ",37.73,Urban
Puducherry, 31-07-2019,Monthly,0," 281,117 ",34.77,Urban
Puducherry, 31-08-2019,Monthly,8.95," 312,882 ",42.41,Urban
Puducherry, 30-09-2019,Monthly,1.22," 286,573 ",35.73,Urban
Puducherry, 31-10-2019,Monthly,1.17," 312,548 ",38.86,Urban
Puducherry, 30-11-2019,Monthly,1.37," 275,003 ",34.19,Urban
Puducherry, 31-12-2019,Monthly,5.21," 313,135 ",40.42,Urban
Puducherry, 31-01-2020,Monthly,0.57," 281,698 ",34.59,Urban
Puducherry, 29-02-2020,Monthly,1.78," 310,342 ",38.5,Urban
Puducherry, 31-03-2020,Monthly,0.62," 278,851 ",34.12,Urban
Puducherry, 30-04-2020,Monthly,76.74," 68,122 ",35.54,Urban
Puducherry, 31-05-2020,Monthly,75," 64,538 ",31.25,Urban
Puducherry, 30-06-2020,Monthly,4.55," 234,926 ",29.73,Urban
Punjab, 31-05-2019,Monthly,13.49," 3,289,918 ",40.03,Urban
Punjab, 30-06-2019,Monthly,13.17," 3,307,798 ",40.02,Urban
Punjab, 31-07-2019,Monthly,11.61," 3,592,442 ",42.62,Urban
Punjab, 31-08-2019,Monthly,11.99," 3,499,863 ",41.61,Urban
Punjab, 30-09-2019,Monthly,15.69," 3,227,178 ",39.97,Urban
Punjab, 31-10-2019,Monthly,13.75," 3,070,438 ",37.1,Urban
Punjab, 30-11-2019,Monthly,10.39," 3,602,243 ",41.82,Urban
Punjab, 31-12-2019,Monthly,11.97," 3,575,778 ",42.17,Urban
Punjab, 31-01-2020,Monthly,13.68," 3,252,622 ",39.04,Urban
Punjab, 29-02-2020,Monthly,11.99," 3,219,227 ",37.82,Urban
Punjab, 31-03-2020,Monthly,9.97," 3,601,793 ",41.29,Urban
Punjab, 30-04-2020,Monthly,1.13," 2,298,975 ",23.95,Urban
Punjab, 31-05-2020,Monthly,20.54," 2,682,658 ",34.71,Urban
Punjab, 30-06-2020,Monthly,10.55," 3,047,750 ",34.96,Urban
Rajasthan, 31-05-2019,Monthly,13.62," 5,108,436 ",39.44,Urban
Rajasthan, 30-06-2019,Monthly,14.36," 5,241,174 ",40.73,Urban
Rajasthan, 31-07-2019,Monthly,11.67," 5,372,470 ",40.38,Urban
Rajasthan, 31-08-2019,Monthly,14.71," 5,195,170 ",40.34,Urban
Rajasthan, 30-09-2019,Monthly,12.63," 5,176,819 ",39.15,Urban
Rajasthan, 31-10-2019,Monthly,13.02," 5,384,335 ",40.8,Urban
Rajasthan, 30-11-2019,Monthly,14.3," 5,306,715 ",40.73,Urban
Rajasthan, 31-12-2019,Monthly,18.04," 5,109,481 ",40.9,Urban
Rajasthan, 31-01-2020,Monthly,18.82," 5,157,363 ",41.59,Urban
Rajasthan, 29-02-2020,Monthly,17.02," 5,288,343 ",41.62,Urban
Rajasthan, 31-03-2020,Monthly,18.54," 4,964,911 ",39.71,Urban
Rajasthan, 30-04-2020,Monthly,35.53," 2,932,923 ",29.57,Urban
Rajasthan, 31-05-2020,Monthly,25.35," 4,225,486 ",36.71,Urban
Rajasthan, 30-06-2020,Monthly,13.04," 5,275,784 ",39.26,Urban
Sikkim, 31-05-2019,Monthly,8.2," 89,587 ",48.61,Urban
Sikkim, 30-06-2019,Monthly,7.76," 89,702 ",48.13,Urban
Sikkim, 31-07-2019,Monthly,2.56," 108,334 ",54.67,Urban
Sikkim, 31-08-2019,Monthly,4.82," 90,850 ",46.63,Urban
Sikkim, 30-09-2019,Monthly,4.81," 89,450 ",45.61,Urban
Sikkim, 31-10-2019,Monthly,9.68," 87,974 ",46.97,Urban
Sikkim, 30-11-2019,Monthly,4.04," 107,751 ",53.8,Urban
Sikkim, 31-12-2019,Monthly,7.37," 88,035 ",45.24,Urban
Sikkim, 31-03-2020,Monthly,20.45," 86,186 ",50.57,Urban
Sikkim, 30-04-2020,Monthly,5.77," 81,905 ",40.31,Urban
Sikkim, 31-05-2020,Monthly,19.75," 75,456 ",43.32,Urban
Sikkim, 30-06-2020,Monthly,2.63," 76,269 ",35.85,Urban
Tamil Nadu, 31-05-2019,Monthly,0.89," 11,798,080 ",37.31,Urban
Tamil Nadu, 30-06-2019,Monthly,1.56," 12,318,745 ",39.16,Urban
Tamil Nadu, 31-07-2019,Monthly,3.18," 12,054,414 ",38.89,Urban
Tamil Nadu, 31-08-2019,Monthly,9.53," 11,933,093 ",41.13,Urban
Tamil Nadu, 30-09-2019,Monthly,1.86," 11,902,824 ",37.76,Urban
Tamil Nadu, 31-10-2019,Monthly,1.13," 12,223,948 ",38.42,Urban
Tamil Nadu, 30-11-2019,Monthly,2.65," 11,729,952 ",37.38,Urban
Tamil Nadu, 31-12-2019,Monthly,8.05," 12,260,389 ",41.29,Urban
Tamil Nadu, 31-01-2020,Monthly,2.05," 11,926,995 ",37.64,Urban
Tamil Nadu, 29-02-2020,Monthly,3.31," 11,742,101 ",37.48,Urban
Tamil Nadu, 31-03-2020,Monthly,6.46," 10,982,178 ",36.17,Urban
Tamil Nadu, 30-04-2020,Monthly,45.55," 4,632,967 ",26.17,Urban
Tamil Nadu, 31-05-2020,Monthly,25.95," 5,733,921 ",23.77,Urban
Tamil Nadu, 30-06-2020,Monthly,24.93," 7,741,005 ",31.6,Urban
Telangana, 31-05-2019,Monthly,1.52," 5,560,649 ",44.59,Urban
Telangana, 30-06-2019,Monthly,1.43," 5,683,349 ",45.43,Urban
Telangana, 31-07-2019,Monthly,3.73," 5,432,503 ",44.36,Urban
Telangana, 31-08-2019,Monthly,4.19," 5,544,693 ",45.39,Urban
Telangana, 30-09-2019,Monthly,6.19," 5,668,785 ",47.28,Urban
Telangana, 31-10-2019,Monthly,6.74," 5,318,341 ",44.51,Urban
Telangana, 30-11-2019,Monthly,5.23," 5,338,119 ",43.87,Urban
Telangana, 31-12-2019,Monthly,4.22," 5,317,782 ",43.13,Urban
Telangana, 31-01-2020,Monthly,6.49," 5,543,380 ",45.95,Urban
Telangana, 29-02-2020,Monthly,6.74," 5,521,496 ",45.78,Urban
Telangana, 31-03-2020,Monthly,6.1," 5,313,236 ",43.65,Urban
Telangana, 30-04-2020,Monthly,10.5," 3,378,431 ",29.05,Urban
Telangana, 31-05-2020,Monthly,36.57," 3,108,830 ",37.63,Urban
Telangana, 30-06-2020,Monthly,6.92," 4,577,995 ",37.68,Urban
Tripura, 31-05-2019,Monthly,34.69," 423,127 ",69.5,Urban
Tripura, 30-06-2019,Monthly,25.59," 408,738 ",58.8,Urban
Tripura, 31-07-2019,Monthly,25.81," 410,583 ",59.1,Urban
Tripura, 31-08-2019,Monthly,33.45," 368,977 ",59.07,Urban
Tripura, 30-09-2019,Monthly,33.57," 418,043 ",66.9,Urban
Tripura, 31-10-2019,Monthly,26.67," 414,808 ",60,Urban
Tripura, 30-11-2019,Monthly,27.15," 427,700 ",62.14,Urban
Tripura, 31-12-2019,Monthly,33.48," 399,427 ",63.41,Urban
Tripura, 31-01-2020,Monthly,34.37," 450,155 ",72.26,Urban
Tripura, 29-02-2020,Monthly,33.88," 415,339 ",66.04,Urban
Tripura, 31-03-2020,Monthly,25.69," 450,271 ",63.56,Urban
Tripura, 30-04-2020,Monthly,34.88," 296,431 ",47.65,Urban
Tripura, 31-05-2020,Monthly,16.78," 384,999 ",48.31,Urban
Tripura, 30-06-2020,Monthly,27.47," 391,015 ",56.17,Urban
Uttar Pradesh, 31-05-2019,Monthly,14.4," 13,391,244 ",40.43,Urban
Uttar Pradesh, 30-06-2019,Monthly,11.62," 13,624,452 ",39.75,Urban
Uttar Pradesh, 31-07-2019,Monthly,11.8," 13,862,431 ",40.43,Urban
Uttar Pradesh, 31-08-2019,Monthly,14.73," 13,580,241 ",40.87,Urban
Uttar Pradesh, 30-09-2019,Monthly,13.58," 13,522,970 ",40.07,Urban
Uttar Pradesh, 31-10-2019,Monthly,10.35," 13,938,303 ",39.71,Urban
Uttar Pradesh, 30-11-2019,Monthly,11.31," 14,128,888 ",40.6,Urban
Uttar Pradesh, 31-12-2019,Monthly,12.37," 13,857,200 ",40.21,Urban
Uttar Pradesh, 31-01-2020,Monthly,12.34," 13,656,250 ",39.52,Urban
Uttar Pradesh, 29-02-2020,Monthly,11.65," 13,803,099 ",39.54,Urban
Uttar Pradesh, 31-03-2020,Monthly,12.32," 13,889,632 ",40,Urban
Uttar Pradesh, 30-04-2020,Monthly,26.94," 10,944,379 ",37.74,Urban
Uttar Pradesh, 31-05-2020,Monthly,32.06," 11,111,486 ",41.1,Urban
Uttar Pradesh, 30-06-2020,Monthly,13.05," 13,208,724 ",38.09,Urban
Uttarakhand, 31-05-2019,Monthly,9.17," 676,797 ",26.33,Urban
Uttarakhand, 30-06-2019,Monthly,4.69," 906,889 ",33.54,Urban
Uttarakhand, 31-07-2019,Monthly,6.94," 859,900 ",32.48,Urban
Uttarakhand, 31-08-2019,Monthly,7.43," 823,967 ",31.21,Urban
Uttarakhand, 30-09-2019,Monthly,9.62," 711,150 ",27.51,Urban
Uttarakhand, 31-10-2019,Monthly,4.72," 925,174 ",33.87,Urban
Uttarakhand, 30-11-2019,Monthly,6.34," 904,903 ",33.61,Urban
Uttarakhand, 31-12-2019,Monthly,7.39," 844,779 ",31.65,Urban
Uttarakhand, 31-01-2020,Monthly,8.92," 725,253 ",27.55,Urban
Uttarakhand, 29-02-2020,Monthly,5.28," 963,408 ",35.11,Urban
Uttarakhand, 31-03-2020,Monthly,8.15," 889,245 ",33.33,Urban
Uttarakhand, 30-04-2020,Monthly,13.18," 748,041 ",29.59,Urban
Uttarakhand, 31-05-2020,Monthly,17.36," 778,590 ",32.27,Urban
Uttarakhand, 30-06-2020,Monthly,5.08," 989,470 ",35.61,Urban
West Bengal, 31-05-2019,Monthly,7.25," 11,306,177 ",46.37,Urban
West Bengal, 30-06-2019,Monthly,7.38," 10,611,498 ",43.51,Urban
West Bengal, 31-07-2019,Monthly,7.91," 10,779,829 ",44.38,Urban
West Bengal, 31-08-2019,Monthly,7.27," 11,456,493 ",46.77,Urban
West Bengal, 30-09-2019,Monthly,7.79," 11,158,649 ",45.74,Urban
West Bengal, 31-10-2019,Monthly,7.83," 10,563,686 ",43.25,Urban
West Bengal, 30-11-2019,Monthly,6.61," 10,768,462 ",43.44,Urban
West Bengal, 31-12-2019,Monthly,7.24," 11,335,696 ",45.97,Urban
West Bengal, 31-01-2020,Monthly,7.27," 11,208,617 ",45.39,Urban
West Bengal, 29-02-2020,Monthly,7.55," 10,871,168 ",44.09,Urban
West Bengal, 31-03-2020,Monthly,6.67," 10,806,105 ",43.34,Urban
West Bengal, 30-04-2020,Monthly,15.63," 9,299,466 ",41.2,Urban
West Bengal, 31-05-2020,Monthly,15.22," 9,240,903 ",40.67,Urban
West Bengal, 30-06-2020,Monthly,9.86," 9,088,931 ",37.57,Urban
